<?xml version="1.0" encoding="windows-1252" ?>
<!DOCTYPE ViewObject SYSTEM "jbo_03_01.dtd">
<!---->
<ViewObject
  xmlns="http://xmlns.oracle.com/bc4j"
  Name="RODatshboardStatisticsView"
  Version="12.2.1.9.14"
  InheritPersonalization="merge"
  BindingStyle="OracleName"
  CustomQuery="true"
  PageIterMode="Full">
  <DesignTime>
    <Attr Name="_isExpertMode" Value="true"/>
  </DesignTime>
  <Properties>
    <SchemaBasedProperties>
      <LABEL
        ResId="model.ro.RODatshboardStatisticsView_LABEL"/>
    </SchemaBasedProperties>
  </Properties>
  <SQLQuery><![CDATA[select * from  
(select count(*) as number_of_teachers from teachers) , 
(select count(*) as number_of_students from students) , 
(select count(*) as number_of_classes from classrooms), 
(select count(*) as number_classes_grade1 from classrooms where grade_number = 'G1'), 
(select count(*) as number_classes_grade2 from classrooms where grade_number = 'G2'), 
(select count(*) as number_classes_grade3 from classrooms where grade_number = 'G3'), 
(select count(*) as number_classes_grade4 from classrooms where grade_number = 'G4'), 
(select count(*) as number_classes_grade5 from classrooms where grade_number = 'G5'), 
(select count(*) as number_classes_grade6 from classrooms where grade_number = 'G6'), 
(select count(*) as pass_students from STUDENT_RESULT where STUDENT_RESULT.FINAL_RESULT = 'pass' and STUDENT_RESULT.RESULT_YEAR =(select (EXTRACT( YEAR FROM sysdate) - 1) from dual)), 
(select count(*) as fail_students from STUDENT_RESULT where STUDENT_RESULT.FINAL_RESULT = 'fail' and STUDENT_RESULT.RESULT_YEAR =(select (EXTRACT( YEAR FROM sysdate) - 1) from dual))]]></SQLQuery>
  <ViewAttribute
    Name="NumberOfTeachers"
    IsUpdateable="false"
    IsPersistent="false"
    PrecisionRule="true"
    Type="java.math.BigDecimal"
    ColumnType="NUMBER"
    AliasName="NUMBER_OF_TEACHERS"
    Expression="NUMBER_OF_TEACHERS"
    SQLType="NUMERIC"/>
  <ViewAttribute
    Name="NumberOfStudents"
    IsUpdateable="false"
    IsPersistent="false"
    PrecisionRule="true"
    Type="java.math.BigDecimal"
    ColumnType="NUMBER"
    AliasName="NUMBER_OF_STUDENTS"
    Expression="NUMBER_OF_STUDENTS"
    SQLType="NUMERIC"/>
  <ViewAttribute
    Name="NumberOfClasses"
    IsUpdateable="false"
    IsPersistent="false"
    PrecisionRule="true"
    Type="java.math.BigDecimal"
    ColumnType="NUMBER"
    AliasName="NUMBER_OF_CLASSES"
    Expression="NUMBER_OF_CLASSES"
    SQLType="NUMERIC"/>
  <ViewAttribute
    Name="NumberClassesGrade1"
    IsUpdateable="false"
    IsPersistent="false"
    PrecisionRule="true"
    Type="java.math.BigDecimal"
    ColumnType="NUMBER"
    AliasName="NUMBER_CLASSES_GRADE1"
    Expression="NUMBER_CLASSES_GRADE1"
    SQLType="NUMERIC"/>
  <ViewAttribute
    Name="NumberClassesGrade2"
    IsUpdateable="false"
    IsPersistent="false"
    PrecisionRule="true"
    Type="java.math.BigDecimal"
    ColumnType="NUMBER"
    AliasName="NUMBER_CLASSES_GRADE2"
    Expression="NUMBER_CLASSES_GRADE2"
    SQLType="NUMERIC"/>
  <ViewAttribute
    Name="NumberClassesGrade3"
    IsUpdateable="false"
    IsPersistent="false"
    PrecisionRule="true"
    Type="java.math.BigDecimal"
    ColumnType="NUMBER"
    AliasName="NUMBER_CLASSES_GRADE3"
    Expression="NUMBER_CLASSES_GRADE3"
    SQLType="NUMERIC"/>
  <ViewAttribute
    Name="NumberClassesGrade4"
    IsUpdateable="false"
    IsPersistent="false"
    PrecisionRule="true"
    Type="java.math.BigDecimal"
    ColumnType="NUMBER"
    AliasName="NUMBER_CLASSES_GRADE4"
    Expression="NUMBER_CLASSES_GRADE4"
    SQLType="NUMERIC"/>
  <ViewAttribute
    Name="NumberClassesGrade5"
    IsUpdateable="false"
    IsPersistent="false"
    PrecisionRule="true"
    Type="java.math.BigDecimal"
    ColumnType="NUMBER"
    AliasName="NUMBER_CLASSES_GRADE5"
    Expression="NUMBER_CLASSES_GRADE5"
    SQLType="NUMERIC"/>
  <ViewAttribute
    Name="NumberClassesGrade6"
    IsUpdateable="false"
    IsPersistent="false"
    PrecisionRule="true"
    Type="java.math.BigDecimal"
    ColumnType="NUMBER"
    AliasName="NUMBER_CLASSES_GRADE6"
    Expression="NUMBER_CLASSES_GRADE6"
    SQLType="NUMERIC"/>
  <ViewAttribute
    Name="PassStudents"
    IsUpdateable="false"
    IsPersistent="false"
    PrecisionRule="true"
    Type="java.math.BigDecimal"
    ColumnType="NUMBER"
    AliasName="PASS_STUDENTS"
    Expression="PASS_STUDENTS"
    SQLType="NUMERIC"/>
  <ViewAttribute
    Name="FailStudents"
    IsUpdateable="false"
    IsPersistent="false"
    PrecisionRule="true"
    Type="java.math.BigDecimal"
    ColumnType="NUMBER"
    AliasName="FAIL_STUDENTS"
    Expression="FAIL_STUDENTS"
    SQLType="NUMERIC"/>
  <ResourceBundle>
    <PropertiesBundle
      PropertiesFile="model.ModelBundle"/>
  </ResourceBundle>
</ViewObject>
