<?xml version="1.0" encoding="windows-1252" ?>
<!DOCTYPE Entity SYSTEM "jbo_03_01.dtd">
<!---->
<Entity
  xmlns="http://xmlns.oracle.com/bc4j"
  Name="Classrooms"
  Version="12.2.1.9.14"
  InheritPersonalization="merge"
  DBObjectType="table"
  DBObjectName="CLASSROOMS"
  AliasName="Classrooms"
  BindingStyle="OracleName"
  xmlns:validation="http://xmlns.oracle.com/adfm/validation"
  RowClass="model.eo.ClassroomsImpl">
  <DesignTime>
    <Attr Name="_codeGenFlag2" Value="Init|Access"/>
    <Attr Name="_isCodegen" Value="true"/>
  </DesignTime>
  <Attribute
    Name="RoomNumber"
    IsNotNull="true"
    ColumnName="ROOM_NUMBER"
    SQLType="NUMERIC"
    Type="java.math.BigDecimal"
    ColumnType="NUMBER"
    TableName="CLASSROOMS"
    PrimaryKey="true">
    <Properties>
      <SchemaBasedProperties>
        <LABEL
          ResId="model.eo.Classrooms.RoomNumber_LABEL"/>
      </SchemaBasedProperties>
    </Properties>
  </Attribute>
  <Attribute
    Name="GradeNumber"
    Precision="20"
    ColumnName="GRADE_NUMBER"
    SQLType="VARCHAR"
    Type="java.lang.String"
    ColumnType="VARCHAR2"
    TableName="CLASSROOMS">
    <DesignTime>
      <Attr Name="_DisplaySize" Value="20"/>
    </DesignTime>
    <Properties>
      <SchemaBasedProperties>
        <LABEL
          ResId="model.eo.Classrooms.GradeNumber_LABEL"/>
      </SchemaBasedProperties>
    </Properties>
  </Attribute>
  <Key
    Name="ClassroomsPk"
    PrimaryKey="true">
    <DesignTime>
      <Attr Name="_DBObjectName" Value="CLASSROOMS_PK"/>
    </DesignTime>
    <AttrArray Name="Attributes">
      <Item Value="model.eo.Classrooms.RoomNumber"/>
    </AttrArray>
  </Key>
  <validation:UniqueKeyValidationBean
    Name="ClassroomsRule0"
    ResId="model.eo.Classrooms_Rule_0"
    KeyName="ClassroomsPk">
    <validation:OnAttributes>
      <validation:Item
        Value="RoomNumber"/>
    </validation:OnAttributes>
  </validation:UniqueKeyValidationBean>
  <ResourceBundle>
    <PropertiesBundle
      PropertiesFile="model.ModelBundle"/>
  </ResourceBundle>
</Entity>
