<?xml version="1.0" encoding="windows-1252" ?>
<!DOCTYPE Entity SYSTEM "jbo_03_01.dtd">
<!---->
<Entity
  xmlns="http://xmlns.oracle.com/bc4j"
  Name="Students"
  Version="12.2.1.9.14"
  InheritPersonalization="merge"
  DBObjectType="table"
  DBObjectName="STUDENTS"
  AliasName="Students"
  BindingStyle="OracleName"
  xmlns:validation="http://xmlns.oracle.com/adfm/validation"
  RowClass="model.eo.StudentsImpl">
  <DesignTime>
    <Attr Name="_codeGenFlag2" Value="Init|Access"/>
    <Attr Name="_isCodegen" Value="true"/>
  </DesignTime>
  <Attribute
    Name="StudentId"
    IsNotNull="true"
    ColumnName="STUDENT_ID"
    SQLType="NUMERIC"
    Type="java.math.BigDecimal"
    ColumnType="NUMBER"
    TableName="STUDENTS"
    PrimaryKey="true">
    <Properties>
      <SchemaBasedProperties>
        <LABEL
          ResId="model.eo.Students.StudentId_LABEL"/>
      </SchemaBasedProperties>
    </Properties>
  </Attribute>
  <Attribute
    Name="StudentName"
    Precision="50"
    ColumnName="STUDENT_NAME"
    SQLType="VARCHAR"
    Type="java.lang.String"
    ColumnType="VARCHAR2"
    TableName="STUDENTS">
    <DesignTime>
      <Attr Name="_DisplaySize" Value="50"/>
    </DesignTime>
    <Properties>
      <SchemaBasedProperties>
        <LABEL
          ResId="model.eo.Students.StudentName_LABEL"/>
      </SchemaBasedProperties>
    </Properties>
  </Attribute>
  <Attribute
    Name="StudentGendar"
    Precision="20"
    ColumnName="STUDENT_GENDAR"
    SQLType="VARCHAR"
    Type="java.lang.String"
    ColumnType="VARCHAR2"
    TableName="STUDENTS">
    <DesignTime>
      <Attr Name="_DisplaySize" Value="20"/>
    </DesignTime>
    <Properties>
      <SchemaBasedProperties>
        <LABEL
          ResId="model.eo.Students.StudentGendar_LABEL"/>
      </SchemaBasedProperties>
    </Properties>
  </Attribute>
  <Attribute
    Name="StudentAddress"
    Precision="200"
    ColumnName="STUDENT_ADDRESS"
    SQLType="VARCHAR"
    Type="java.lang.String"
    ColumnType="VARCHAR2"
    TableName="STUDENTS">
    <DesignTime>
      <Attr Name="_DisplaySize" Value="200"/>
    </DesignTime>
    <Properties>
      <SchemaBasedProperties>
        <LABEL
          ResId="model.eo.Students.StudentAddress_LABEL"/>
      </SchemaBasedProperties>
    </Properties>
  </Attribute>
  <Attribute
    Name="StudentDob"
    ColumnName="STUDENT_DOB"
    SQLType="DATE"
    Type="java.sql.Timestamp"
    ColumnType="DATE"
    TableName="STUDENTS">
    <Properties>
      <SchemaBasedProperties>
        <LABEL
          ResId="model.eo.Students.StudentDob_LABEL"/>
        <FMT_FORMATTER
          ResId="model.eo.Students.StudentDob_FMT_FORMATTER"/>
        <FMT_FORMAT
          ResId="model.eo.Students.StudentDob_FMT_FORMAT"/>
      </SchemaBasedProperties>
    </Properties>
  </Attribute>
  <Attribute
    Name="StudentParentName"
    Precision="50"
    ColumnName="STUDENT_PARENT_NAME"
    SQLType="VARCHAR"
    Type="java.lang.String"
    ColumnType="VARCHAR2"
    TableName="STUDENTS">
    <DesignTime>
      <Attr Name="_DisplaySize" Value="50"/>
    </DesignTime>
    <Properties>
      <SchemaBasedProperties>
        <LABEL
          ResId="model.eo.Students.StudentParentName_LABEL"/>
      </SchemaBasedProperties>
    </Properties>
  </Attribute>
  <Attribute
    Name="StudentParentEmail"
    Precision="50"
    ColumnName="STUDENT_PARENT_EMAIL"
    SQLType="VARCHAR"
    Type="java.lang.String"
    ColumnType="VARCHAR2"
    TableName="STUDENTS">
    <DesignTime>
      <Attr Name="_DisplaySize" Value="50"/>
    </DesignTime>
    <Properties>
      <SchemaBasedProperties>
        <LABEL
          ResId="model.eo.Students.StudentParentEmail_LABEL"/>
      </SchemaBasedProperties>
    </Properties>
  </Attribute>
  <Attribute
    Name="StudentParentPhone"
    Precision="20"
    ColumnName="STUDENT_PARENT_PHONE"
    SQLType="VARCHAR"
    Type="java.lang.String"
    ColumnType="VARCHAR2"
    TableName="STUDENTS">
    <DesignTime>
      <Attr Name="_DisplaySize" Value="20"/>
    </DesignTime>
    <Properties>
      <SchemaBasedProperties>
        <LABEL
          ResId="model.eo.Students.StudentParentPhone_LABEL"/>
      </SchemaBasedProperties>
    </Properties>
  </Attribute>
  <Attribute
    Name="StudentCreatedDate"
    ColumnName="STUDENT_CREATED_DATE"
    SQLType="DATE"
    Type="java.sql.Timestamp"
    ColumnType="DATE"
    TableName="STUDENTS">
    <Properties>
      <SchemaBasedProperties>
        <LABEL
          ResId="model.eo.Students.StudentCreatedDate_LABEL"/>
      </SchemaBasedProperties>
    </Properties>
  </Attribute>
  <Key
    Name="AltKey"
    AltKey="true">
    <DesignTime>
      <Attr Name="_isUnique" Value="true"/>
      <Attr Name="_DBObjectName" Value="STUDENTS"/>
    </DesignTime>
    <AttrArray Name="Attributes">
      <Item Value="model.eo.Students.StudentName"/>
    </AttrArray>
  </Key>
  <Key
    Name="StudentsPk"
    PrimaryKey="true">
    <DesignTime>
      <Attr Name="_DBObjectName" Value="STUDENTS_PK"/>
    </DesignTime>
    <AttrArray Name="Attributes">
      <Item Value="model.eo.Students.StudentId"/>
    </AttrArray>
  </Key>
  <validation:UniqueKeyValidationBean
    Name="StudentsRule0"
    ResId="model.eo.Students_Rule_0"
    KeyName="AltKey">
    <validation:OnAttributes>
      <validation:Item
        Value="StudentName"/>
    </validation:OnAttributes>
  </validation:UniqueKeyValidationBean>
  <ResourceBundle>
    <PropertiesBundle
      PropertiesFile="model.ModelBundle"/>
  </ResourceBundle>
</Entity>
