<?xml version="1.0" encoding="windows-1252" ?>
<!DOCTYPE Entity SYSTEM "jbo_03_01.dtd">
<!---->
<Entity
  xmlns="http://xmlns.oracle.com/bc4j"
  Name="Teachers"
  Version="12.2.1.9.14"
  InheritPersonalization="merge"
  DBObjectType="table"
  DBObjectName="TEACHERS"
  AliasName="Teachers"
  BindingStyle="OracleName"
  xmlns:validation="http://xmlns.oracle.com/adfm/validation"
  RowClass="model.eo.TeachersImpl">
  <DesignTime>
    <Attr Name="_codeGenFlag2" Value="Init|Access"/>
    <Attr Name="_isCodegen" Value="true"/>
  </DesignTime>
  <Attribute
    Name="TeacherId"
    IsNotNull="true"
    ColumnName="TEACHER_ID"
    SQLType="NUMERIC"
    Type="java.math.BigDecimal"
    ColumnType="NUMBER"
    TableName="TEACHERS"
    PrimaryKey="true">
    <Properties>
      <SchemaBasedProperties>
        <LABEL
          ResId="model.eo.Teachers.TeacherId_LABEL"/>
      </SchemaBasedProperties>
    </Properties>
  </Attribute>
  <Attribute
    Name="TeacherName"
    Precision="50"
    ColumnName="TEACHER_NAME"
    SQLType="VARCHAR"
    Type="java.lang.String"
    ColumnType="VARCHAR2"
    TableName="TEACHERS">
    <DesignTime>
      <Attr Name="_DisplaySize" Value="50"/>
    </DesignTime>
    <Properties>
      <SchemaBasedProperties>
        <LABEL
          ResId="model.eo.Teachers.TeacherName_LABEL"/>
      </SchemaBasedProperties>
    </Properties>
  </Attribute>
  <Attribute
    Name="TeacherPhone"
    Precision="20"
    ColumnName="TEACHER_PHONE"
    SQLType="VARCHAR"
    Type="java.lang.String"
    ColumnType="VARCHAR2"
    TableName="TEACHERS">
    <DesignTime>
      <Attr Name="_DisplaySize" Value="20"/>
    </DesignTime>
    <Properties>
      <SchemaBasedProperties>
        <LABEL
          ResId="model.eo.Teachers.TeacherPhone_LABEL"/>
      </SchemaBasedProperties>
    </Properties>
  </Attribute>
  <Attribute
    Name="TeacherAddress"
    Precision="200"
    ColumnName="TEACHER_ADDRESS"
    SQLType="VARCHAR"
    Type="java.lang.String"
    ColumnType="VARCHAR2"
    TableName="TEACHERS">
    <DesignTime>
      <Attr Name="_DisplaySize" Value="200"/>
    </DesignTime>
    <Properties>
      <SchemaBasedProperties>
        <LABEL
          ResId="model.eo.Teachers.TeacherAddress_LABEL"/>
      </SchemaBasedProperties>
    </Properties>
  </Attribute>
  <Attribute
    Name="TeacherDateOfBirth"
    ColumnName="TEACHER_DATE_OF_BIRTH"
    SQLType="DATE"
    Type="java.sql.Timestamp"
    ColumnType="DATE"
    TableName="TEACHERS">
    <Properties>
      <SchemaBasedProperties>
        <LABEL
          ResId="model.eo.Teachers.TeacherDateOfBirth_LABEL"/>
        <FMT_FORMATTER
          ResId="model.eo.Teachers.TeacherDateOfBirth_FMT_FORMATTER"/>
        <FMT_FORMAT
          ResId="model.eo.Teachers.TeacherDateOfBirth_FMT_FORMAT"/>
      </SchemaBasedProperties>
    </Properties>
  </Attribute>
  <Attribute
    Name="TeacherGendar"
    Precision="20"
    ColumnName="TEACHER_GENDAR"
    SQLType="VARCHAR"
    Type="java.lang.String"
    ColumnType="VARCHAR2"
    TableName="TEACHERS">
    <DesignTime>
      <Attr Name="_DisplaySize" Value="20"/>
    </DesignTime>
    <Properties>
      <SchemaBasedProperties>
        <LABEL
          ResId="model.eo.Teachers.TeacherGendar_LABEL"/>
      </SchemaBasedProperties>
    </Properties>
  </Attribute>
  <Key
    Name="PhoneAltKey"
    AltKey="true">
    <DesignTime>
      <Attr Name="_isUnique" Value="true"/>
      <Attr Name="_DBObjectName" Value="TEACHERS"/>
    </DesignTime>
    <AttrArray Name="Attributes">
      <Item Value="model.eo.Teachers.TeacherPhone"/>
    </AttrArray>
  </Key>
  <Key
    Name="TeachersPk"
    PrimaryKey="true">
    <DesignTime>
      <Attr Name="_DBObjectName" Value="TEACHERS_PK"/>
    </DesignTime>
    <AttrArray Name="Attributes">
      <Item Value="model.eo.Teachers.TeacherId"/>
    </AttrArray>
  </Key>
  <validation:UniqueKeyValidationBean
    Name="TeachersRule0"
    ResId="model.eo.Teachers_Rule_0"
    KeyName="PhoneAltKey">
    <validation:OnAttributes>
      <validation:Item
        Value="TeacherPhone"/>
    </validation:OnAttributes>
  </validation:UniqueKeyValidationBean>
  <ResourceBundle>
    <PropertiesBundle
      PropertiesFile="model.ModelBundle"/>
  </ResourceBundle>
</Entity>
