<?xml version="1.0" encoding="windows-1252" ?>
<!DOCTYPE Entity SYSTEM "jbo_03_01.dtd">
<!---->
<Entity
  xmlns="http://xmlns.oracle.com/bc4j"
  Name="TeacherClasses"
  Version="12.2.1.9.14"
  InheritPersonalization="merge"
  DBObjectType="table"
  DBObjectName="TEACHER_CLASSES"
  AliasName="TeacherClasses"
  BindingStyle="OracleName"
  xmlns:validation="http://xmlns.oracle.com/adfm/validation">
  <Attribute
    Name="TeacherFk"
    ColumnName="TEACHER_FK"
    SQLType="NUMERIC"
    Type="java.math.BigDecimal"
    ColumnType="NUMBER"
    TableName="TEACHER_CLASSES"
    PrimaryKey="true">
    <Properties>
      <SchemaBasedProperties>
        <LABEL
          ResId="model.eo.TeacherClasses.TeacherFk_LABEL"/>
      </SchemaBasedProperties>
    </Properties>
  </Attribute>
  <Attribute
    Name="ClassroomFk"
    ColumnName="CLASSROOM_FK"
    SQLType="NUMERIC"
    Type="java.math.BigDecimal"
    ColumnType="NUMBER"
    TableName="TEACHER_CLASSES"
    PrimaryKey="true">
    <Properties>
      <SchemaBasedProperties>
        <LABEL
          ResId="model.eo.TeacherClasses.ClassroomFk_LABEL"/>
      </SchemaBasedProperties>
    </Properties>
  </Attribute>
  <Key
    Name="TeacherclassesPrimaryKey"
    PrimaryKey="true">
    <DesignTime>
      <Attr Name="_DBObjectName" Value="TEACHERCLASSES_PRIMARY_KEY"/>
    </DesignTime>
    <AttrArray Name="Attributes">
      <Item Value="model.eo.TeacherClasses.TeacherFk"/>
      <Item Value="model.eo.TeacherClasses.ClassroomFk"/>
    </AttrArray>
  </Key>
  <validation:UniqueKeyValidationBean
    Name="TeacherClassesRule0"
    ResId="model.eo.TeacherClasses_Rule_0"
    KeyName="TeacherclassesPrimaryKey">
    <validation:OnAttributes>
      <validation:Item
        Value="TeacherFk"/>
      <validation:Item
        Value="ClassroomFk"/>
    </validation:OnAttributes>
  </validation:UniqueKeyValidationBean>
  <ResourceBundle>
    <PropertiesBundle
      PropertiesFile="model.ModelBundle"/>
  </ResourceBundle>
</Entity>
