<?xml version="1.0" encoding="windows-1252" ?>
<!DOCTYPE ViewObject SYSTEM "jbo_03_01.dtd">
<!---->
<ViewObject
  xmlns="http://xmlns.oracle.com/bc4j"
  Name="ClassroomsView"
  Version="12.2.1.9.14"
  InheritPersonalization="merge"
  BindingStyle="OracleName"
  CustomQuery="false"
  PageIterMode="Full"
  SelectList="Classrooms.ROOM_NUMBER, 
       Classrooms.GRADE_NUMBER"
  FromList="CLASSROOMS Classrooms"
  OrderBy="Classrooms.ROOM_NUMBER asc">
  <ViewAccessor
    Name="StaticGradeView1"
    ViewObjectName="model.staticvo.StaticGradeView"
    RowLevelBinds="true"/>
  <ListBinding
    Name="LOV_GradeNumber"
    ListVOName="StaticGradeView1"
    NullValueFlag="none"
    MRUCount="0">
    <AttrArray Name="AttrNames">
      <Item Value="GradeNumber"/>
    </AttrArray>
    <AttrArray Name="AttrExpressions"/>
    <AttrArray Name="ListAttrNames">
      <Item Value="GradeId"/>
    </AttrArray>
    <AttrArray Name="ListDisplayAttrNames">
      <Item Value="GradeDesc"/>
    </AttrArray>
    <DisplayCriteria/>
  </ListBinding>
  <EntityUsage
    Name="Classrooms"
    Entity="model.eo.Classrooms"/>
  <ViewAttribute
    Name="RoomNumber"
    IsNotNull="true"
    PrecisionRule="true"
    EntityAttrName="RoomNumber"
    EntityUsage="Classrooms"
    AliasName="ROOM_NUMBER"/>
  <ViewAttribute
    Name="GradeNumber"
    PrecisionRule="true"
    EntityAttrName="GradeNumber"
    EntityUsage="Classrooms"
    AliasName="GRADE_NUMBER"
    LOVName="LOV_GradeNumber">
    <Properties>
      <SchemaBasedProperties>
        <CONTROLTYPE
          Value="combo"/>
      </SchemaBasedProperties>
    </Properties>
  </ViewAttribute>
  <ViewLinkAccessor
    Name="StudentClassView"
    ViewLink="model.vo.ClassLinkStudent"
    Type="oracle.jbo.RowIterator"
    IsUpdateable="false"/>
</ViewObject>
