<?xml version="1.0" encoding="windows-1252" ?>
<!DOCTYPE ViewLink SYSTEM "jbo_03_01.dtd">
<!---->
<ViewLink
  xmlns="http://xmlns.oracle.com/bc4j"
  Name="ClassLinkStudent"
  Version="12.2.1.9.14"
  InheritPersonalization="merge">
  <Properties>
    <SchemaBasedProperties>
      <LABEL
        ResId="model.vo.ClassLinkStudent_LABEL"/>
    </SchemaBasedProperties>
  </Properties>
  <ViewLinkDefEnd
    Name="ClassroomsView"
    Cardinality="1"
    Source="true"
    Owner="model.vo.ClassroomsView">
    <DesignTime>
      <Attr Name="_isUpdateable" Value="true"/>
      <Attr Name="_finderName" Value="ClassroomsView"/>
    </DesignTime>
    <AttrArray Name="Attributes">
      <Item Value="model.vo.ClassroomsView.RoomNumber"/>
    </AttrArray>
  </ViewLinkDefEnd>
  <ViewLinkDefEnd
    Name="StudentClassView"
    Cardinality="-1"
    Owner="model.vo.StudentClassView">
    <DesignTime>
      <Attr Name="_isUpdateable" Value="true"/>
      <Attr Name="_finderName" Value="StudentClassView"/>
    </DesignTime>
    <AttrArray Name="Attributes">
      <Item Value="model.vo.StudentClassView.ClassroomFk"/>
    </AttrArray>
  </ViewLinkDefEnd>
  <ResourceBundle>
    <PropertiesBundle
      PropertiesFile="model.ModelBundle"/>
  </ResourceBundle>
</ViewLink>
