<?xml version="1.0" encoding="windows-1252" ?>
<!DOCTYPE ViewObject SYSTEM "jbo_03_01.dtd">
<!---->
<ViewObject
  xmlns="http://xmlns.oracle.com/bc4j"
  Name="StudentClassView"
  Version="12.2.1.9.14"
  InheritPersonalization="merge"
  SelectListFlags="1"
  FromListFlags="1"
  WhereFlags="1"
  BindingStyle="OracleName"
  CustomQuery="false"
  SelectAllAttributes="false"
  PageIterMode="Full"
  RowClass="model.vo.StudentClassViewRowImpl">
  <DesignTime>
    <Attr Name="_codeGenFlag2" Value="Access"/>
    <Attr Name="_isCodegen" Value="true"/>
  </DesignTime>
  <ViewAccessor
    Name="ClassroomsView1"
    ViewObjectName="model.vo.ClassroomsView"
    RowLevelBinds="true"/>
  <ListBinding
    Name="LOV_ClassroomFk"
    ListVOName="ClassroomsView1"
    NullValueFlag="none"
    MRUCount="0">
    <AttrArray Name="AttrNames">
      <Item Value="ClassroomFk"/>
    </AttrArray>
    <AttrArray Name="AttrExpressions"/>
    <AttrArray Name="ListAttrNames">
      <Item Value="RoomNumber"/>
    </AttrArray>
    <AttrArray Name="ListDisplayAttrNames">
      <Item Value="RoomNumber"/>
      <Item Value="GradeNumber"/>
    </AttrArray>
    <DisplayCriteria/>
  </ListBinding>
  <EntityUsage
    Name="StudentClass"
    Entity="model.eo.StudentClass"/>
  <ViewAttribute
    Name="StudentFk"
    PrecisionRule="true"
    EntityAttrName="StudentFk"
    EntityUsage="StudentClass"
    AliasName="STUDENT_FK"/>
  <ViewAttribute
    Name="ClassroomFk"
    PrecisionRule="true"
    EntityAttrName="ClassroomFk"
    EntityUsage="StudentClass"
    AliasName="CLASSROOM_FK"
    LOVName="LOV_ClassroomFk">
    <Properties>
      <SchemaBasedProperties>
        <CONTROLTYPE
          Value="combo"/>
      </SchemaBasedProperties>
    </Properties>
  </ViewAttribute>
  <ViewAttribute
    Name="TGradeNumber"
    IsSelected="false"
    IsPersistent="false"
    PrecisionRule="true"
    Precision="255"
    Type="java.lang.String"
    ColumnType="VARCHAR2"
    AliasName="VIEW_ATTR"
    SQLType="VARCHAR">
    <Properties>
      <SchemaBasedProperties>
        <LABEL
          ResId="model.vo.StudentClassView.TGradeNumber_LABEL"/>
      </SchemaBasedProperties>
    </Properties>
  </ViewAttribute>
  <ResourceBundle>
    <PropertiesBundle
      PropertiesFile="model.ModelBundle"/>
  </ResourceBundle>
</ViewObject>
