<?xml version="1.0" encoding="windows-1252" ?>
<!DOCTYPE ViewLink SYSTEM "jbo_03_01.dtd">
<!---->
<ViewLink
  xmlns="http://xmlns.oracle.com/bc4j"
  Name="StudentLinkStudentClass"
  Version="12.2.1.9.14"
  InheritPersonalization="merge">
  <Properties>
    <SchemaBasedProperties>
      <LABEL
        ResId="model.vo.StudentLinkStudentClass_LABEL"/>
    </SchemaBasedProperties>
  </Properties>
  <ViewLinkDefEnd
    Name="StudentsView"
    Cardinality="1"
    Source="true"
    Owner="model.vo.StudentsView">
    <DesignTime>
      <Attr Name="_isUpdateable" Value="true"/>
      <Attr Name="_finderName" Value="StudentsView"/>
    </DesignTime>
    <AttrArray Name="Attributes">
      <Item Value="model.vo.StudentsView.StudentId"/>
    </AttrArray>
  </ViewLinkDefEnd>
  <ViewLinkDefEnd
    Name="StudentClassView"
    Cardinality="-1"
    Owner="model.vo.StudentClassView">
    <DesignTime>
      <Attr Name="_isUpdateable" Value="true"/>
      <Attr Name="_finderName" Value="StudentClassView"/>
    </DesignTime>
    <AttrArray Name="Attributes">
      <Item Value="model.vo.StudentClassView.StudentFk"/>
    </AttrArray>
  </ViewLinkDefEnd>
  <ResourceBundle>
    <PropertiesBundle
      PropertiesFile="model.ModelBundle"/>
  </ResourceBundle>
</ViewLink>
