<?xml version="1.0" encoding="windows-1252" ?>
<!DOCTYPE ViewObject SYSTEM "jbo_03_01.dtd">
<!---->
<ViewObject
  xmlns="http://xmlns.oracle.com/bc4j"
  Name="TeacherClassesView"
  Version="12.2.1.9.14"
  InheritPersonalization="merge"
  SelectListFlags="1"
  FromListFlags="1"
  WhereFlags="1"
  BindingStyle="OracleName"
  CustomQuery="false"
  SelectAllAttributes="false"
  PageIterMode="Full">
  <ViewAccessor
    Name="ClassroomsView1"
    ViewObjectName="model.vo.ClassroomsView"
    RowLevelBinds="true"/>
  <ListBinding
    Name="LOV_ClassroomFk"
    ListVOName="ClassroomsView1"
    NullValueFlag="none"
    MRUCount="0">
    <AttrArray Name="AttrNames">
      <Item Value="ClassroomFk"/>
    </AttrArray>
    <AttrArray Name="AttrExpressions"/>
    <AttrArray Name="ListAttrNames">
      <Item Value="RoomNumber"/>
    </AttrArray>
    <AttrArray Name="ListDisplayAttrNames">
      <Item Value="RoomNumber"/>
      <Item Value="GradeNumber"/>
    </AttrArray>
    <DisplayCriteria/>
  </ListBinding>
  <EntityUsage
    Name="TeacherClasses"
    Entity="model.eo.TeacherClasses"/>
  <ViewAttribute
    Name="TeacherFk"
    PrecisionRule="true"
    EntityAttrName="TeacherFk"
    EntityUsage="TeacherClasses"
    AliasName="TEACHER_FK"/>
  <ViewAttribute
    Name="ClassroomFk"
    PrecisionRule="true"
    EntityAttrName="ClassroomFk"
    EntityUsage="TeacherClasses"
    AliasName="CLASSROOM_FK"
    LOVName="LOV_ClassroomFk">
    <Properties>
      <SchemaBasedProperties>
        <CONTROLTYPE
          Value="combo"/>
      </SchemaBasedProperties>
    </Properties>
  </ViewAttribute>
</ViewObject>
