<?xml version="1.0" encoding="windows-1252" ?>
<!DOCTYPE ViewLink SYSTEM "jbo_03_01.dtd">
<!---->
<ViewLink
  xmlns="http://xmlns.oracle.com/bc4j"
  Name="TeacherLinkClasses"
  Version="12.2.1.9.14"
  InheritPersonalization="merge">
  <Properties>
    <SchemaBasedProperties>
      <LABEL
        ResId="model.vo.TeacherLinkClasses_LABEL"/>
    </SchemaBasedProperties>
  </Properties>
  <ViewLinkDefEnd
    Name="TeachersView"
    Cardinality="1"
    Source="true"
    Owner="model.vo.TeachersView">
    <DesignTime>
      <Attr Name="_isUpdateable" Value="true"/>
      <Attr Name="_finderName" Value="TeachersView"/>
    </DesignTime>
    <AttrArray Name="Attributes">
      <Item Value="model.vo.TeachersView.TeacherId"/>
    </AttrArray>
  </ViewLinkDefEnd>
  <ViewLinkDefEnd
    Name="TeacherClassesView"
    Cardinality="-1"
    Owner="model.vo.TeacherClassesView">
    <DesignTime>
      <Attr Name="_isUpdateable" Value="true"/>
      <Attr Name="_finderName" Value="TeacherClassesView"/>
    </DesignTime>
    <AttrArray Name="Attributes">
      <Item Value="model.vo.TeacherClassesView.TeacherFk"/>
    </AttrArray>
  </ViewLinkDefEnd>
  <ResourceBundle>
    <PropertiesBundle
      PropertiesFile="model.ModelBundle"/>
  </ResourceBundle>
</ViewLink>
