<?xml version="1.0" encoding="windows-1252" ?>
<!DOCTYPE ViewObject SYSTEM "jbo_03_01.dtd">
<!---->
<ViewObject
  xmlns="http://xmlns.oracle.com/bc4j"
  Name="TeachersView"
  Version="12.2.1.9.14"
  InheritPersonalization="merge"
  SelectListFlags="1"
  FromListFlags="1"
  WhereFlags="1"
  BindingStyle="OracleName"
  CustomQuery="false"
  SelectAllAttributes="false"
  PageIterMode="Full">
  <ViewAccessor
    Name="StaticGenderView1"
    ViewObjectName="model.staticvo.StaticGenderView"
    RowLevelBinds="true"/>
  <ListBinding
    Name="LOV_TeacherGendar"
    ListVOName="StaticGenderView1"
    NullValueFlag="none"
    MRUCount="0">
    <AttrArray Name="AttrNames">
      <Item Value="TeacherGendar"/>
    </AttrArray>
    <AttrArray Name="AttrExpressions"/>
    <AttrArray Name="ListAttrNames">
      <Item Value="GendarId"/>
    </AttrArray>
    <AttrArray Name="ListDisplayAttrNames">
      <Item Value="GendarName"/>
    </AttrArray>
    <DisplayCriteria/>
  </ListBinding>
  <EntityUsage
    Name="Teachers"
    Entity="model.eo.Teachers"/>
  <ViewAttribute
    Name="TeacherId"
    IsNotNull="true"
    PrecisionRule="true"
    EntityAttrName="TeacherId"
    EntityUsage="Teachers"
    AliasName="TEACHER_ID">
    <Properties>
      <SchemaBasedProperties>
        <DISPLAYWIDTH
          Value="15"/>
      </SchemaBasedProperties>
    </Properties>
  </ViewAttribute>
  <ViewAttribute
    Name="TeacherName"
    PrecisionRule="true"
    EntityAttrName="TeacherName"
    EntityUsage="Teachers"
    AliasName="TEACHER_NAME">
    <Properties>
      <SchemaBasedProperties>
        <DISPLAYWIDTH
          Value="15"/>
      </SchemaBasedProperties>
    </Properties>
  </ViewAttribute>
  <ViewAttribute
    Name="TeacherPhone"
    PrecisionRule="true"
    EntityAttrName="TeacherPhone"
    EntityUsage="Teachers"
    AliasName="TEACHER_PHONE">
    <Properties>
      <SchemaBasedProperties>
        <DISPLAYWIDTH
          Value="15"/>
      </SchemaBasedProperties>
    </Properties>
  </ViewAttribute>
  <ViewAttribute
    Name="TeacherAddress"
    PrecisionRule="true"
    EntityAttrName="TeacherAddress"
    EntityUsage="Teachers"
    AliasName="TEACHER_ADDRESS">
    <Properties>
      <SchemaBasedProperties>
        <DISPLAYWIDTH
          Value="15"/>
      </SchemaBasedProperties>
    </Properties>
  </ViewAttribute>
  <ViewAttribute
    Name="TeacherDateOfBirth"
    PrecisionRule="true"
    EntityAttrName="TeacherDateOfBirth"
    EntityUsage="Teachers"
    AliasName="TEACHER_DATE_OF_BIRTH">
    <Properties>
      <SchemaBasedProperties>
        <DISPLAYWIDTH
          Value="15"/>
      </SchemaBasedProperties>
    </Properties>
  </ViewAttribute>
  <ViewAttribute
    Name="TeacherGendar"
    PrecisionRule="true"
    EntityAttrName="TeacherGendar"
    EntityUsage="Teachers"
    AliasName="TEACHER_GENDAR"
    LOVName="LOV_TeacherGendar">
    <Properties>
      <SchemaBasedProperties>
        <CONTROLTYPE
          Value="combo"/>
        <DISPLAYWIDTH
          Value="15"/>
      </SchemaBasedProperties>
    </Properties>
  </ViewAttribute>
  <ViewCriteria
    Name="SearchTeachersViewCriteria"
    ViewObjectName="model.vo.TeachersView"
    Conjunction="AND">
    <Properties Name="_Props">
      <CustomProperties>
        <Property
          Name="autoExecute"
          Value="false"/>
        <Property
          Name="mode"
          Value="Basic"/>
        <Property
          Name="allowConjunctionOverride"
          Value="false"/>
        <Property
          Name="showInList"
          Value="true"/>
        <Property
          Name="displayOperators"
          Value="InAdvancedMode"/>
      </CustomProperties>
    </Properties>
    <ViewCriteriaRow
      Name="TeachersViewCriteria_row_0"
      UpperColumns="1">
      <ViewCriteriaItem
        Name="TeacherId"
        ViewAttribute="TeacherId"
        Operator="="
        Conjunction="AND"
        Value=""
        Required="Optional"/>
      <ViewCriteriaItem
        Name="TeacherName"
        ViewAttribute="TeacherName"
        Operator="CONTAINS"
        Conjunction="AND"
        Value=""
        Required="Optional"/>
      <ViewCriteriaItem
        Name="TeacherPhone"
        ViewAttribute="TeacherPhone"
        Operator="STARTSWITH"
        Conjunction="AND"
        Value=""
        Required="Optional"/>
      <ViewCriteriaItem
        Name="TeachersViewCriteria_TeachersViewCriteria_row_0_TeacherAddress"
        ViewAttribute="TeacherAddress"
        Operator="CONTAINS"
        Conjunction="AND"
        Value=""
        Required="Optional"/>
      <ViewCriteriaItem
        Name="TeacherDateOfBirth"
        ViewAttribute="TeacherDateOfBirth"
        Operator="="
        Conjunction="AND"
        Value=""
        Required="Optional"/>
      <ViewCriteriaItem
        Name="TeacherGendar"
        ViewAttribute="TeacherGendar"
        Operator="="
        Conjunction="AND"
        Value=""
        Required="Optional"/>
    </ViewCriteriaRow>
  </ViewCriteria>
  <ViewLinkAccessor
    Name="TeacherClassesView"
    ViewLink="model.vo.TeacherLinkClasses"
    Type="oracle.jbo.RowIterator"
    IsUpdateable="false"/>
</ViewObject>
